{
    "comments": "1 - 7: International Sources, 20 - 41: Peruvian Sources, 42 - 68: Colombian Sources, 69 - 75: Mexican Sources, Ecuatorian Sources: 76 - 78, Bolivian Sources: 79 - 83",

    "2a": "webscraping_office_of_foreign_assets_control",
    "4a": "scraping_suplement_4_to_part_744_entity_list",
    "6a": "scraping_fbi_wanted",

    "1": "webscraping_worldbank_debarred_firms",
    "2": "webscraping_iadb_sanctioned_firms_and_individuals",
    "3": "webscraping_pcaob_enforcement_actions",
    "4": "webScraping_data_europa",
    "5": "webscraping_offshore_leaks_database",
    "6": "webscraping_united_nations_security_council_list",
    "7": "webscraping_us_sec_fcpa_cases",
    "8": "webscraping_interpol_red_notices",
    "9": "webscraping_us_dos_terrorist_exclusion_list",
    "10a": "webscraping_us_dos_foreign_terrorist_organizations_designated_foreign_terrorist_organizations",
    "10b": "webscraping_us_dos_foreign_terrorist_organizations_delisted_foreign_terrorist_organizations",
    "12a": "webscraping_us_ddtc_debarred_parties_statutory_debarments",
    "12b": "webscraping_us_ddtc_debarred_parties_administrative_debarments",
    "13": "webscraping_us_bis_denied_persons_list",
    "14": "webscraping_uk_financial_sanctions_consolidated_list_of_targets",
    "15": "webscraping_ofac_china_sanctions_list",
    "16": "webscraping_us_dos_nonproliferation_sanctions_list",
    "17a": "webscraping_us_dos_executive_order_13224_counterterrorism_designated_individuals_and_entities",
    "17b": "webscraping_us_dos_executive_order_13224_counterterrorism_delisted_individuals_by_dos",
    "18": "webscraping_consolidated_list_of_persons_groups_or_entities_subject_to_EU_financial_sanctions",

    "20": "webscraping_sunat_consulta_ruc_por_razon_social",
    "24": "webscraping_osce_proveedores_inscritos",
    "26": "webscraping_datosabiertos_oefa_registros_actos_administrativos",
    "28": "webscraping_jne_multas_electorales",
    "29": "webscraping_registro_de_organizaciones_politicas_consulta_de_afiliacion",
    "30": "webscraping_indecopi_denuncias_y_sanciones",
    "32": "webscraping_smv_personas_y_empresas_sancionadas",
    "33": "webscraping_sbs_lavado_de_activos_procedimientos_sancionadores",
    "34": "webscraping_gobierno_del_peru_relacion_de_funcionarios_o_servidores_sancionados",
    "38": "webscraping_buscador_proveedores_del_estado",
    "39a": "webscraping_antecedentes_proveedores_general",
    "39b": "webscraping_antecedentes_proveedores_vigencias",
    "39c": "webscraping_antecedentes_proveedores_detalles",
    "39d": "webscraping_antecedentes_proveedores_adjudicaciones",
    "40": "webscraping_busqueda_jurisprudencia",
    "41": "webscraping_sancionados_peru",

    "42": "webscraping_sanciones_secop_colombia",
    "44": "webscraping_migracion_colombia",
    "46": "webscraping_corte_constitucional_de_colombia",
    "52": "webscraping_superintendencia_de_sociedades",
    "53": "webscraping_entidades_vigiladas_por_la_superintendencia_financiera_de_colombia",
    "56": "webscraping_sigep",
    "57": "webscraping_dian",
    "58": "webscraping_multas_y_sanciones_secop",
    "59": "webscraping_consulta_de_procesos_judiciales",
    "61": "webscraping_cabilveo_registro_de_regalos_a_funcionarios_publicos",
    "62": "webscraping_cabilveo_registro_de_viajes_realizados_por_funcionarios_publicos",
    "63": "webscraping_registro_unico_de_proponentes",
    "64": "webscraping_sanciones_en_firme_superintendencia_financiera_de_colombia",
    "65": "webscraping_sanciones_historicas_superintendencia_financiera_de_colombia",
    "66": "webscraping_sanciones_proteccion_de_datos_personales_superintendencia_de_industria_y_comercio",
    "67": "scraping_sentencias_de_caracter_mercantil_superintendencia_de_sociedades",
    "68": "scraping_sentencias_a_companias_por_competencia_desleal",

    "70": "scraping_secretaria_de_hacienda_y_credito_publico_compranet",
    "71": "scraping_proveedores_y_contratistas_sancionados_secretaria_de_la_funcion_publica",
    "75": "scraping_quien_es_quien",

    "76": "scraping_consulta_de_procesos_judiciales_expel",
    "77": "scraping_busqueda_proveedores_gobierno_ecuador",
    "78": "scraping_consulta_ruc_servicio_de_rentas_internas",

    "79": "scraping_gaceta_electronica_del_registro_de_comercio_de_bolivia",
    "80": "scraping_busqueda_resoluciones_jurisprudencia_bolivia",
    "81": "scraping_sicoes_contratos_resueltos",
    "82": "scraping_sicoes_desistimientos",
    "83": "scraping_sicoes_inhabilitadas",

    "92": "scraping_french_national_freeze_registry",
    "111": "scraping_panama_empresas_inhabilitadas",
    "118": "scraping_UK_sanctions_list",
    "133": "scraping_poderopedia_venezuela",
    "134": "scraping_asamblea_nacional_venezuela",

    "135": "scraping_ministerio_economia_industria_y_comercio"
}

